iteration,footpoint_lat,footpoint_lon,peak_lyr_km,peak_nya_km,centroid_lyr_km,centroid_nya_km,corr,accepted,reason
2,78.1349,15.4316,122.43,144.06,153.02,153.14,0.6874,0,correlation 0.69 <= 0.7
2,78.0771,15.3291,92.49,153.00,140.66,155.70,0.1758,0,correlation 0.18 <= 0.7
2,78.0870,15.3747,95.42,149.00,141.33,153.78,0.3862,0,correlation 0.39 <= 0.7
2,78.1170,15.3668,121.00,111.00,149.19,153.20,0.6627,0,correlation 0.66 <= 0.7
2,78.0930,15.4033,99.99,145.00,139.20,153.78,0.4172,0,correlation 0.42 <= 0.7
2,78.1310,15.4157,119.00,111.00,151.43,153.06,0.6671,0,correlation 0.67 <= 0.7
2,78.1166,15.3450,119.00,136.58,149.69,153.49,0.6619,0,correlation 0.66 <= 0.7
2,78.0781,15.3882,89.00,149.88,139.29,154.64,0.1408,0,correlation 0.14 <= 0.7
2,78.1184,15.4666,107.70,152.17,144.28,154.94,0.5119,0,correlation 0.51 <= 0.7
2,78.0588,15.3201,87.72,155.00,140.38,156.71,-0.0793,0,correlation -0.08 <= 0.7
2,78.0686,15.3734,85.87,155.00,139.84,156.32,0.0240,0,correlation 0.02 <= 0.7
2,78.0735,15.3679,86.52,157.00,140.13,155.84,0.1044,0,correlation 0.10 <= 0.7
2,78.0928,15.3786,97.00,147.00,140.34,153.17,0.3838,0,correlation 0.38 <= 0.7
2,78.0586,15.4481,80.00,151.00,150.78,155.78,0.0259,0,correlation 0.03 <= 0.7
2,78.1504,15.3835,142.38,158.05,161.48,150.75,0.5580,0,correlation 0.56 <= 0.7
2,78.0814,15.4502,84.24,135.00,141.24,154.57,0.2489,0,correlation 0.25 <= 0.7
2,78.0845,15.4041,89.00,149.00,140.27,152.71,0.4598,0,correlation 0.46 <= 0.7
2,78.0950,15.3815,100.15,147.00,140.50,154.13,0.3941,0,correlation 0.39 <= 0.7
2,78.1515,15.3556,147.00,145.45,164.51,151.27,0.4790,0,correlation 0.48 <= 0.7
2,78.0926,15.4413,93.46,134.22,138.25,153.78,0.3508,0,correlation 0.35 <= 0.7
2,78.1005,15.4144,99.23,143.00,142.14,154.74,0.4394,0,correlation 0.44 <= 0.7
2,78.0873,15.3496,143.00,147.62,141.39,153.62,0.2738,0,correlation 0.27 <= 0.7
2,78.1550,15.3373,151.30,140.00,166.69,150.48,0.3953,0,correlation 0.40 <= 0.7
2,78.0939,15.3366,107.00,145.00,143.25,151.57,0.4487,0,correlation 0.45 <= 0.7
2,78.0658,15.4541,82.00,159.86,145.25,155.11,0.1808,0,correlation 0.18 <= 0.7
2,78.1232,15.3783,113.00,134.00,150.95,154.15,0.5458,0,correlation 0.55 <= 0.7
2,78.1291,15.4408,127.00,151.00,149.76,152.25,0.6325,0,correlation 0.63 <= 0.7
2,78.0946,15.4521,95.88,109.00,139.64,154.77,0.3507,0,correlation 0.35 <= 0.7
2,78.0785,15.3517,94.00,155.00,139.97,155.59,0.1852,0,correlation 0.19 <= 0.7
2,78.0983,15.3227,107.00,145.00,144.25,153.78,0.3413,0,correlation 0.34 <= 0.7
2,78.1013,15.3448,107.00,147.00,143.41,153.39,0.4975,0,correlation 0.50 <= 0.7
2,78.1569,15.4337,132.66,137.00,160.42,150.80,0.5594,0,correlation 0.56 <= 0.7
2,78.1432,15.3201,131.00,145.00,161.19,153.74,0.5200,0,correlation 0.52 <= 0.7
2,78.1195,15.4024,107.00,127.00,148.12,154.45,0.6783,0,correlation 0.68 <= 0.7
2,78.0768,15.3465,90.20,155.00,140.27,155.52,0.1468,0,correlation 0.15 <= 0.7
2,78.1262,15.4328,118.00,151.00,149.34,152.26,0.6803,0,correlation 0.68 <= 0.7
2,78.1227,15.6706,89.00,155.62,140.32,155.52,0.2755,0,correlation 0.28 <= 0.7
2,78.1297,15.6655,95.63,126.00,143.70,153.34,0.4524,0,correlation 0.45 <= 0.7
2,78.1041,15.6166,83.83,148.30,142.94,154.31,0.2936,0,correlation 0.29 <= 0.7
2,78.1205,15.5931,93.00,156.00,142.68,154.09,0.3976,0,correlation 0.40 <= 0.7
2,78.0794,15.6435,82.00,165.84,153.52,156.53,0.1542,0,correlation 0.15 <= 0.7
2,78.1558,15.6429,122.00,93.00,148.46,151.97,0.6499,0,correlation 0.65 <= 0.7
2,78.1656,15.6389,129.00,115.00,151.51,152.46,0.5962,0,correlation 0.60 <= 0.7
2,78.1501,15.6629,112.87,93.00,147.82,151.85,0.6463,0,correlation 0.65 <= 0.7
2,78.1244,15.6231,99.00,159.00,141.29,152.46,0.5168,0,correlation 0.52 <= 0.7
2,78.1592,15.6139,128.00,117.65,148.92,151.63,0.6834,0,correlation 0.68 <= 0.7
2,78.0752,15.6140,82.00,135.00,154.93,156.57,0.0311,0,correlation 0.03 <= 0.7
2,78.1414,15.6699,99.72,127.00,144.29,153.75,0.5365,0,correlation 0.54 <= 0.7
2,78.1515,15.5915,117.00,133.00,150.20,152.43,0.7109,1,
2,78.1075,15.6628,80.00,159.27,143.80,153.87,0.2824,0,correlation 0.28 <= 0.7
2,78.1605,15.6122,119.00,118.00,150.11,151.50,0.6401,0,correlation 0.64 <= 0.7
2,78.0748,15.5493,82.07,135.00,151.20,156.59,0.1032,0,correlation 0.10 <= 0.7
2,78.1380,15.6039,112.00,124.00,145.42,153.52,0.5167,0,correlation 0.52 <= 0.7
2,78.1049,15.5802,89.95,161.80,141.51,154.26,0.2786,0,correlation 0.28 <= 0.7
2,78.1377,15.6157,105.00,158.00,145.42,152.87,0.6543,0,correlation 0.65 <= 0.7
2,78.0999,15.6645,83.00,123.81,144.16,153.42,0.2418,0,correlation 0.24 <= 0.7
2,78.0958,15.5634,85.00,162.00,143.02,156.02,0.2582,0,correlation 0.26 <= 0.7
2,78.1374,15.6078,106.40,124.00,145.77,153.59,0.4938,0,correlation 0.49 <= 0.7
2,78.1245,15.6239,99.00,159.00,141.06,152.49,0.5039,0,correlation 0.50 <= 0.7
2,78.0935,15.6520,80.00,176.00,145.85,155.21,0.2880,0,correlation 0.29 <= 0.7
2,78.1634,15.6777,117.00,165.86,150.09,153.63,0.3836,0,correlation 0.38 <= 0.7
2,78.1630,15.6191,119.63,80.00,149.75,152.23,0.6152,0,correlation 0.62 <= 0.7
2,78.1298,15.6748,93.00,126.33,143.58,153.26,0.4749,0,correlation 0.47 <= 0.7
2,78.1454,15.5870,114.04,140.00,149.46,152.72,0.6989,0,correlation 0.70 <= 0.7
2,78.1199,15.6512,91.83,155.00,141.89,152.61,0.4561,0,correlation 0.46 <= 0.7
2,78.1549,15.6511,120.00,115.00,149.24,151.71,0.7093,1,
2,78.1582,15.6192,117.00,135.93,148.67,152.40,0.6193,0,correlation 0.62 <= 0.7
2,78.1512,15.5626,126.10,122.52,151.25,152.11,0.7131,1,
2,78.0991,15.5944,89.00,167.69,142.21,154.15,0.2816,0,correlation 0.28 <= 0.7
2,78.0773,15.5801,84.00,142.27,150.82,155.71,0.0449,0,correlation 0.04 <= 0.7
2,78.1406,15.6815,96.37,123.00,148.49,154.23,0.3128,0,correlation 0.31 <= 0.7
2,78.1159,15.6332,83.00,159.00,141.33,153.54,0.2635,0,correlation 0.26 <= 0.7
