index,sample,lyr_image,nya_image,event_utc,lat1,lat2,lon1,lon2,n_lines,lyr_mean_km,lyr_median_km,lyr_std_km,lyr_sem_km,nya_mean_km,nya_median_km,nya_std_km,nya_sem_km,both_mean_km,both_median_km,both_std_km,both_sem_km,lyr_mean_profile_peak_km,nya_mean_profile_peak_km,both_mean_profile_peak_km,out_dir
0,greyscale,BACC_LYR_20200103_090001.png,BACC_NYA_20200103_090001.png,2020-01-03 09:00:01,76.6,78.6,8.0,18.0,15,140.9,148.0,20.9,5.4,135.7,140.0,29.2,7.5,138.3,147.0,25.1,4.6,146.0,154.0,,/Users/guillaume/Code/japanese_code/out/BACC_image_pairs_triangulation - 0901/greyscale
0,RGBproduct,BACC_LYR_20200103_090001.png,BACC_NYA_20200103_090001.png,2020-01-03 09:00:01,76.6,78.6,8.0,18.0,15,142.9,148.0,19.2,5.0,137.7,140.0,27.0,7.0,140.3,147.0,23.2,4.2,152.0,154.0,,/Users/guillaume/Code/japanese_code/out/BACC_image_pairs_triangulation - 0901/RGBproduct
1,greyscale,BACC_LYR_20200103_090002.png,BACC_NYA_20200103_090002.png,2020-01-03 09:00:02,76.6,78.6,8.0,18.0,16,137.1,139.0,19.7,4.9,131.4,133.0,20.8,5.2,134.2,134.0,20.1,3.6,146.0,154.0,,/Users/guillaume/Code/japanese_code/out/BACC_image_pairs_triangulation - 0901/greyscale
1,RGBproduct,BACC_LYR_20200103_090002.png,BACC_NYA_20200103_090002.png,2020-01-03 09:00:02,76.6,78.6,8.0,18.0,15,134.1,132.0,18.8,4.9,128.1,132.0,19.2,5.0,131.1,132.0,18.9,3.5,146.0,152.0,,/Users/guillaume/Code/japanese_code/out/BACC_image_pairs_triangulation - 0901/RGBproduct
2,greyscale,BACC_LYR_20200103_090003.png,BACC_NYA_20200103_090003.png,2020-01-03 09:00:03,76.6,78.6,8.0,18.0,13,142.5,144.0,17.0,4.7,131.5,134.0,25.5,7.1,137.0,137.0,21.9,4.3,144.0,136.0,,/Users/guillaume/Code/japanese_code/out/BACC_image_pairs_triangulation - 0901/greyscale
2,RGBproduct,BACC_LYR_20200103_090003.png,BACC_NYA_20200103_090003.png,2020-01-03 09:00:03,76.6,78.6,8.0,18.0,11,138.4,142.0,15.8,4.8,136.2,136.0,23.4,7.1,137.3,139.0,19.5,4.2,144.0,136.0,,/Users/guillaume/Code/japanese_code/out/BACC_image_pairs_triangulation - 0901/RGBproduct
3,greyscale,BACC_LYR_20200103_090004.png,BACC_NYA_20200103_090004.png,2020-01-03 09:00:04,76.6,78.6,8.0,18.0,14,143.6,146.0,19.6,5.2,140.3,142.0,22.8,6.1,141.9,142.0,20.9,4.0,146.0,152.0,,/Users/guillaume/Code/japanese_code/out/BACC_image_pairs_triangulation - 0901/greyscale
3,RGBproduct,BACC_LYR_20200103_090004.png,BACC_NYA_20200103_090004.png,2020-01-03 09:00:04,76.6,78.6,8.0,18.0,17,137.5,138.0,22.4,5.4,136.7,142.0,23.5,5.7,137.1,140.0,22.6,3.9,148.0,142.0,,/Users/guillaume/Code/japanese_code/out/BACC_image_pairs_triangulation - 0901/RGBproduct
4,greyscale,BACC_LYR_20200103_090005.png,BACC_NYA_20200103_090005.png,2020-01-03 09:00:05,76.6,78.6,8.0,18.0,9,152.0,146.0,17.4,5.8,144.4,152.0,27.5,9.2,148.2,150.0,22.6,5.3,142.0,160.0,,/Users/guillaume/Code/japanese_code/out/BACC_image_pairs_triangulation - 0901/greyscale
4,RGBproduct,BACC_LYR_20200103_090005.png,BACC_NYA_20200103_090005.png,2020-01-03 09:00:05,76.6,78.6,8.0,18.0,11,148.0,144.0,20.2,6.1,145.8,152.0,26.1,7.9,146.9,145.0,22.8,4.9,144.0,140.0,,/Users/guillaume/Code/japanese_code/out/BACC_image_pairs_triangulation - 0901/RGBproduct
5,greyscale,BACC_LYR_20200103_090006.png,BACC_NYA_20200103_090006.png,2020-01-03 09:00:06,76.6,78.6,8.0,18.0,9,140.7,140.0,13.9,4.6,130.7,140.0,33.2,11.1,135.7,140.0,25.2,5.9,134.0,140.0,,/Users/guillaume/Code/japanese_code/out/BACC_image_pairs_triangulation - 0901/greyscale
5,RGBproduct,BACC_LYR_20200103_090006.png,BACC_NYA_20200103_090006.png,2020-01-03 09:00:06,76.6,78.6,8.0,18.0,8,139.2,139.0,14.0,4.9,135.0,145.0,36.5,12.9,137.1,140.0,26.8,6.7,152.0,138.0,,/Users/guillaume/Code/japanese_code/out/BACC_image_pairs_triangulation - 0901/RGBproduct
6,greyscale,BACC_LYR_20200103_090007.png,BACC_NYA_20200103_090007.png,2020-01-03 09:00:07,76.6,78.6,8.0,18.0,11,148.0,148.0,22.1,6.7,134.5,144.0,36.3,10.9,141.3,145.0,30.1,6.4,138.0,146.0,,/Users/guillaume/Code/japanese_code/out/BACC_image_pairs_triangulation - 0901/greyscale
6,RGBproduct,BACC_LYR_20200103_090007.png,BACC_NYA_20200103_090007.png,2020-01-03 09:00:07,76.6,78.6,8.0,18.0,10,144.8,143.0,12.4,3.9,131.8,142.0,30.6,9.7,138.3,142.0,23.7,5.3,138.0,144.0,,/Users/guillaume/Code/japanese_code/out/BACC_image_pairs_triangulation - 0901/RGBproduct
7,greyscale,BACC_LYR_20200103_090008.png,BACC_NYA_20200103_090008.png,2020-01-03 09:00:08,76.6,78.6,8.0,18.0,8,136.5,141.0,17.0,6.0,142.8,150.0,20.4,7.2,139.6,146.0,18.4,4.6,146.0,150.0,,/Users/guillaume/Code/japanese_code/out/BACC_image_pairs_triangulation - 0901/greyscale
7,RGBproduct,BACC_LYR_20200103_090008.png,BACC_NYA_20200103_090008.png,2020-01-03 09:00:08,76.6,78.6,8.0,18.0,6,137.0,137.0,15.3,6.3,133.7,144.0,32.5,13.3,135.3,138.0,24.3,7.0,148.0,150.0,,/Users/guillaume/Code/japanese_code/out/BACC_image_pairs_triangulation - 0901/RGBproduct
8,greyscale,BACC_LYR_20200103_090009.png,BACC_NYA_20200103_090009.png,2020-01-03 09:00:09,76.6,78.6,8.0,18.0,14,160.3,155.0,27.5,7.4,153.9,158.0,30.2,8.1,157.1,157.0,28.5,5.4,150.0,158.0,,/Users/guillaume/Code/japanese_code/out/BACC_image_pairs_triangulation - 0901/greyscale
8,RGBproduct,BACC_LYR_20200103_090009.png,BACC_NYA_20200103_090009.png,2020-01-03 09:00:09,76.6,78.6,8.0,18.0,12,152.7,152.0,27.8,8.0,149.5,151.0,25.3,7.3,151.1,152.0,26.1,5.3,150.0,156.0,,/Users/guillaume/Code/japanese_code/out/BACC_image_pairs_triangulation - 0901/RGBproduct
9,greyscale,BACC_LYR_20200103_090010.png,BACC_NYA_20200103_090010.png,2020-01-03 09:00:10,76.6,78.6,8.0,18.0,15,150.8,148.0,26.9,6.9,145.3,156.0,33.7,8.7,148.1,151.0,30.1,5.5,150.0,162.0,,/Users/guillaume/Code/japanese_code/out/BACC_image_pairs_triangulation - 0901/greyscale
9,RGBproduct,BACC_LYR_20200103_090010.png,BACC_NYA_20200103_090010.png,2020-01-03 09:00:10,76.6,78.6,8.0,18.0,10,143.4,143.0,18.9,6.0,141.2,150.0,28.0,8.9,142.3,147.0,23.3,5.2,150.0,146.0,,/Users/guillaume/Code/japanese_code/out/BACC_image_pairs_triangulation - 0901/RGBproduct
10,greyscale,BACC_LYR_20200103_090011.png,BACC_NYA_20200103_090011.png,2020-01-03 09:00:11,76.6,78.6,8.0,18.0,9,155.8,154.0,25.3,8.4,136.0,154.0,38.1,12.7,145.9,154.0,33.0,7.8,142.0,162.0,,/Users/guillaume/Code/japanese_code/out/BACC_image_pairs_triangulation - 0901/greyscale
10,RGBproduct,BACC_LYR_20200103_090011.png,BACC_NYA_20200103_090011.png,2020-01-03 09:00:11,76.6,78.6,8.0,18.0,8,153.8,150.0,26.2,9.3,133.0,150.0,39.6,14.0,143.4,150.0,34.2,8.5,154.0,160.0,,/Users/guillaume/Code/japanese_code/out/BACC_image_pairs_triangulation - 0901/RGBproduct
11,greyscale,BACC_LYR_20200103_090012.png,BACC_NYA_20200103_090012.png,2020-01-03 09:00:12,76.6,78.6,8.0,18.0,6,155.7,146.0,50.2,20.5,143.3,165.0,50.1,20.4,149.5,156.0,48.2,13.9,148.0,172.0,,/Users/guillaume/Code/japanese_code/out/BACC_image_pairs_triangulation - 0901/greyscale
11,RGBproduct,BACC_LYR_20200103_090012.png,BACC_NYA_20200103_090012.png,2020-01-03 09:00:12,76.6,78.6,8.0,18.0,4,145.0,144.0,7.4,3.7,110.0,107.0,35.0,17.5,127.5,139.0,30.0,10.6,154.0,146.0,,/Users/guillaume/Code/japanese_code/out/BACC_image_pairs_triangulation - 0901/RGBproduct
12,greyscale,BACC_LYR_20200103_090013.png,BACC_NYA_20200103_090013.png,2020-01-03 09:00:13,76.6,78.6,8.0,18.0,7,186.9,182.0,27.8,10.5,168.9,182.0,39.6,15.0,177.9,182.0,34.2,9.1,182.0,184.0,,/Users/guillaume/Code/japanese_code/out/BACC_image_pairs_triangulation - 0901/greyscale
12,RGBproduct,BACC_LYR_20200103_090013.png,BACC_NYA_20200103_090013.png,2020-01-03 09:00:13,76.6,78.6,8.0,18.0,4,182.0,188.0,25.2,12.6,163.5,187.0,56.1,28.0,172.8,187.0,41.4,14.7,202.0,186.0,,/Users/guillaume/Code/japanese_code/out/BACC_image_pairs_triangulation - 0901/RGBproduct
13,greyscale,BACC_LYR_20200103_090014.png,BACC_NYA_20200103_090014.png,2020-01-03 09:00:14,76.6,78.6,8.0,18.0,8,194.8,188.0,29.0,10.3,179.2,193.0,40.9,14.5,187.0,191.0,35.2,8.8,204.0,188.0,,/Users/guillaume/Code/japanese_code/out/BACC_image_pairs_triangulation - 0901/greyscale
13,RGBproduct,BACC_LYR_20200103_090014.png,BACC_NYA_20200103_090014.png,2020-01-03 09:00:14,76.6,78.6,8.0,18.0,5,202.0,210.0,33.5,15.0,192.4,188.0,11.6,5.2,197.2,193.0,24.2,7.6,200.0,188.0,,/Users/guillaume/Code/japanese_code/out/BACC_image_pairs_triangulation - 0901/RGBproduct
14,greyscale,BACC_LYR_20200103_090015.png,BACC_NYA_20200103_090015.png,2020-01-03 09:00:15,76.6,78.6,8.0,18.0,10,195.2,201.0,41.8,13.2,193.0,196.0,9.6,3.0,194.1,196.0,29.5,6.6,198.0,196.0,,/Users/guillaume/Code/japanese_code/out/BACC_image_pairs_triangulation - 0901/greyscale
14,RGBproduct,BACC_LYR_20200103_090015.png,BACC_NYA_20200103_090015.png,2020-01-03 09:00:15,76.6,78.6,8.0,18.0,8,178.5,189.0,39.5,14.0,193.5,194.0,8.7,3.1,186.0,191.0,28.7,7.2,184.0,196.0,,/Users/guillaume/Code/japanese_code/out/BACC_image_pairs_triangulation - 0901/RGBproduct
15,greyscale,BACC_LYR_20200103_090016.png,BACC_NYA_20200103_090016.png,2020-01-03 09:00:16,76.6,78.6,8.0,18.0,14,204.9,209.0,18.6,5.0,192.4,196.0,7.7,2.1,198.6,196.0,15.4,2.9,198.0,196.0,,/Users/guillaume/Code/japanese_code/out/BACC_image_pairs_triangulation - 0901/greyscale
15,RGBproduct,BACC_LYR_20200103_090016.png,BACC_NYA_20200103_090016.png,2020-01-03 09:00:16,76.6,78.6,8.0,18.0,8,203.5,199.0,17.4,6.1,196.8,196.0,3.8,1.4,200.1,196.0,12.7,3.2,196.0,196.0,,/Users/guillaume/Code/japanese_code/out/BACC_image_pairs_triangulation - 0901/RGBproduct
16,greyscale,BACC_LYR_20200103_090017.png,BACC_NYA_20200103_090017.png,2020-01-03 09:00:17,76.6,78.6,8.0,18.0,14,200.0,200.0,19.0,5.1,192.9,194.0,11.8,3.2,196.4,194.0,15.9,3.0,196.0,194.0,,/Users/guillaume/Code/japanese_code/out/BACC_image_pairs_triangulation - 0901/greyscale
16,RGBproduct,BACC_LYR_20200103_090017.png,BACC_NYA_20200103_090017.png,2020-01-03 09:00:17,76.6,78.6,8.0,18.0,8,200.2,201.0,17.9,6.3,192.5,194.0,6.0,2.1,196.4,194.0,13.5,3.4,196.0,194.0,,/Users/guillaume/Code/japanese_code/out/BACC_image_pairs_triangulation - 0901/RGBproduct
17,greyscale,BACC_LYR_20200103_090018.png,BACC_NYA_20200103_090018.png,2020-01-03 09:00:18,76.6,78.6,8.0,18.0,16,192.5,189.0,22.1,5.5,189.5,194.0,14.4,3.6,191.0,194.0,18.4,3.3,216.0,194.0,,/Users/guillaume/Code/japanese_code/out/BACC_image_pairs_triangulation - 0901/greyscale
17,RGBproduct,BACC_LYR_20200103_090018.png,BACC_NYA_20200103_090018.png,2020-01-03 09:00:18,76.6,78.6,8.0,18.0,12,187.7,202.0,39.6,11.4,192.2,194.0,14.1,4.1,189.9,195.0,29.2,6.0,196.0,194.0,,/Users/guillaume/Code/japanese_code/out/BACC_image_pairs_triangulation - 0901/RGBproduct
18,greyscale,BACC_LYR_20200103_090019.png,BACC_NYA_20200103_090019.png,2020-01-03 09:00:19,76.6,78.6,8.0,18.0,16,189.9,181.0,19.1,4.8,191.2,192.0,14.8,3.7,190.6,191.0,16.8,3.0,196.0,192.0,,/Users/guillaume/Code/japanese_code/out/BACC_image_pairs_triangulation - 0901/greyscale
18,RGBproduct,BACC_LYR_20200103_090019.png,BACC_NYA_20200103_090019.png,2020-01-03 09:00:19,76.6,78.6,8.0,18.0,12,195.3,194.0,20.0,5.8,195.8,194.0,14.1,4.1,195.6,194.0,16.9,3.5,196.0,192.0,,/Users/guillaume/Code/japanese_code/out/BACC_image_pairs_triangulation - 0901/RGBproduct
19,greyscale,BACC_LYR_20200103_090020.png,BACC_NYA_20200103_090020.png,2020-01-03 09:00:20,76.6,78.6,8.0,18.0,18,192.6,189.0,23.1,5.5,193.7,191.0,19.2,4.5,193.1,190.0,21.0,3.5,198.0,196.0,,/Users/guillaume/Code/japanese_code/out/BACC_image_pairs_triangulation - 0901/greyscale
19,RGBproduct,BACC_LYR_20200103_090020.png,BACC_NYA_20200103_090020.png,2020-01-03 09:00:20,76.6,78.6,8.0,18.0,9,193.1,188.0,18.8,6.3,199.8,198.0,14.2,4.7,196.4,189.0,16.5,3.9,196.0,200.0,,/Users/guillaume/Code/japanese_code/out/BACC_image_pairs_triangulation - 0901/RGBproduct
20,greyscale,BACC_LYR_20200103_090021.png,BACC_NYA_20200103_090021.png,2020-01-03 09:00:21,76.6,78.6,8.0,18.0,14,210.3,212.0,22.3,6.0,199.3,203.0,22.3,6.0,204.8,207.0,22.6,4.3,220.0,198.0,,/Users/guillaume/Code/japanese_code/out/BACC_image_pairs_triangulation - 0901/greyscale
20,RGBproduct,BACC_LYR_20200103_090021.png,BACC_NYA_20200103_090021.png,2020-01-03 09:00:21,76.6,78.6,8.0,18.0,8,208.8,202.0,30.7,10.9,197.8,197.0,11.6,4.1,203.2,197.0,23.1,5.8,220.0,200.0,,/Users/guillaume/Code/japanese_code/out/BACC_image_pairs_triangulation - 0901/RGBproduct
21,greyscale,BACC_LYR_20200103_090022.png,BACC_NYA_20200103_090022.png,2020-01-03 09:00:22,76.6,78.6,8.0,18.0,7,212.0,216.0,20.6,7.8,198.9,204.0,20.8,7.9,205.4,212.0,21.0,5.6,220.0,196.0,,/Users/guillaume/Code/japanese_code/out/BACC_image_pairs_triangulation - 0901/greyscale
21,RGBproduct,BACC_LYR_20200103_090022.png,BACC_NYA_20200103_090022.png,2020-01-03 09:00:22,76.6,78.6,8.0,18.0,4,203.0,198.0,15.9,7.9,200.5,201.0,14.9,7.5,201.8,199.0,14.3,5.1,202.0,204.0,,/Users/guillaume/Code/japanese_code/out/BACC_image_pairs_triangulation - 0901/RGBproduct
22,greyscale,BACC_LYR_20200103_090023.png,BACC_NYA_20200103_090023.png,2020-01-03 09:00:23,76.6,78.6,8.0,18.0,13,198.3,206.0,26.8,7.4,186.5,186.0,17.5,4.8,192.4,193.0,23.0,4.5,224.0,190.0,,/Users/guillaume/Code/japanese_code/out/BACC_image_pairs_triangulation - 0901/greyscale
22,RGBproduct,BACC_LYR_20200103_090023.png,BACC_NYA_20200103_090023.png,2020-01-03 09:00:23,76.6,78.6,8.0,18.0,8,197.5,204.0,30.4,10.7,196.0,194.0,14.2,5.0,196.8,199.0,22.9,5.7,224.0,200.0,,/Users/guillaume/Code/japanese_code/out/BACC_image_pairs_triangulation - 0901/RGBproduct
23,greyscale,BACC_LYR_20200103_090024.png,BACC_NYA_20200103_090024.png,2020-01-03 09:00:24,76.6,78.6,8.0,18.0,19,200.8,206.0,27.6,6.3,188.5,186.0,20.5,4.7,194.7,198.0,24.8,4.0,220.0,186.0,,/Users/guillaume/Code/japanese_code/out/BACC_image_pairs_triangulation - 0901/greyscale
23,RGBproduct,BACC_LYR_20200103_090024.png,BACC_NYA_20200103_090024.png,2020-01-03 09:00:24,76.6,78.6,8.0,18.0,10,203.6,216.0,32.8,10.4,198.4,205.0,17.6,5.6,201.0,208.0,25.8,5.8,224.0,198.0,,/Users/guillaume/Code/japanese_code/out/BACC_image_pairs_triangulation - 0901/RGBproduct
24,greyscale,BACC_LYR_20200103_090025.png,BACC_NYA_20200103_090025.png,2020-01-03 09:00:25,76.6,78.6,8.0,18.0,17,213.2,220.0,27.4,6.6,191.2,194.0,17.3,4.2,202.2,201.0,25.2,4.3,220.0,194.0,,/Users/guillaume/Code/japanese_code/out/BACC_image_pairs_triangulation - 0901/greyscale
24,RGBproduct,BACC_LYR_20200103_090025.png,BACC_NYA_20200103_090025.png,2020-01-03 09:00:25,76.6,78.6,8.0,18.0,10,210.0,220.0,30.1,9.5,194.8,195.0,12.6,4.0,202.4,201.0,23.8,5.3,220.0,196.0,,/Users/guillaume/Code/japanese_code/out/BACC_image_pairs_triangulation - 0901/RGBproduct
25,greyscale,BACC_LYR_20200103_090026.png,BACC_NYA_20200103_090026.png,2020-01-03 09:00:26,76.6,78.6,8.0,18.0,22,203.6,197.0,29.7,6.3,187.4,186.0,18.5,3.9,195.5,195.0,25.8,3.9,198.0,194.0,,/Users/guillaume/Code/japanese_code/out/BACC_image_pairs_triangulation - 0901/greyscale
25,RGBproduct,BACC_LYR_20200103_090026.png,BACC_NYA_20200103_090026.png,2020-01-03 09:00:26,76.6,78.6,8.0,18.0,11,204.7,198.0,31.0,9.3,189.8,202.0,16.4,4.9,197.3,200.0,25.4,5.4,186.0,202.0,,/Users/guillaume/Code/japanese_code/out/BACC_image_pairs_triangulation - 0901/RGBproduct
26,greyscale,BACC_LYR_20200103_090027.png,BACC_NYA_20200103_090027.png,2020-01-03 09:00:27,76.6,78.6,8.0,18.0,24,197.1,189.0,22.3,4.5,188.4,188.0,17.0,3.5,192.8,189.0,20.1,2.9,202.0,194.0,,/Users/guillaume/Code/japanese_code/out/BACC_image_pairs_triangulation - 0901/greyscale
26,RGBproduct,BACC_LYR_20200103_090027.png,BACC_NYA_20200103_090027.png,2020-01-03 09:00:27,76.6,78.6,8.0,18.0,10,194.2,182.0,25.1,7.9,189.8,188.0,14.4,4.5,192.0,182.0,20.1,4.5,182.0,196.0,,/Users/guillaume/Code/japanese_code/out/BACC_image_pairs_triangulation - 0901/RGBproduct
27,greyscale,BACC_LYR_20200103_090028.png,BACC_NYA_20200103_090028.png,2020-01-03 09:00:28,76.6,78.6,8.0,18.0,19,196.3,190.0,22.9,5.3,192.7,202.0,19.2,4.4,194.5,195.0,20.9,3.4,190.0,194.0,,/Users/guillaume/Code/japanese_code/out/BACC_image_pairs_triangulation - 0901/greyscale
27,RGBproduct,BACC_LYR_20200103_090028.png,BACC_NYA_20200103_090028.png,2020-01-03 09:00:28,76.6,78.6,8.0,18.0,10,203.8,206.0,27.6,8.7,193.0,200.0,19.0,6.0,198.4,202.0,23.7,5.3,192.0,194.0,,/Users/guillaume/Code/japanese_code/out/BACC_image_pairs_triangulation - 0901/RGBproduct
28,greyscale,BACC_LYR_20200103_090029.png,BACC_NYA_20200103_090029.png,2020-01-03 09:00:29,76.6,78.6,8.0,18.0,20,196.9,192.0,26.5,5.9,192.4,194.0,17.8,4.0,194.7,194.0,22.4,3.5,210.0,196.0,,/Users/guillaume/Code/japanese_code/out/BACC_image_pairs_triangulation - 0901/greyscale
28,RGBproduct,BACC_LYR_20200103_090029.png,BACC_NYA_20200103_090029.png,2020-01-03 09:00:29,76.6,78.6,8.0,18.0,11,194.5,196.0,21.1,6.4,193.5,194.0,12.3,3.7,194.0,195.0,16.9,3.6,194.0,196.0,,/Users/guillaume/Code/japanese_code/out/BACC_image_pairs_triangulation - 0901/RGBproduct
29,greyscale,BACC_LYR_20200103_090030.png,BACC_NYA_20200103_090030.png,2020-01-03 09:00:30,76.6,78.6,8.0,18.0,22,204.1,200.0,28.6,6.1,194.5,191.0,20.3,4.3,199.3,197.0,25.0,3.8,214.0,198.0,,/Users/guillaume/Code/japanese_code/out/BACC_image_pairs_triangulation - 0901/greyscale
29,RGBproduct,BACC_LYR_20200103_090030.png,BACC_NYA_20200103_090030.png,2020-01-03 09:00:30,76.6,78.6,8.0,18.0,8,201.0,209.0,32.3,11.4,197.0,191.0,15.3,5.4,199.0,199.0,24.5,6.1,216.0,198.0,,/Users/guillaume/Code/japanese_code/out/BACC_image_pairs_triangulation - 0901/RGBproduct
31,greyscale,BACC_LYR_20200103_090032.png,BACC_NYA_20200103_090032.png,2020-01-03 09:00:32,76.6,78.6,8.0,18.0,25,204.6,212.0,26.4,5.3,195.6,194.0,19.3,3.9,200.1,198.0,23.3,3.3,208.0,194.0,,/Users/guillaume/Code/japanese_code/out/BACC_image_pairs_triangulation - 0901/greyscale
31,RGBproduct,BACC_LYR_20200103_090032.png,BACC_NYA_20200103_090032.png,2020-01-03 09:00:32,76.6,78.6,8.0,18.0,12,207.8,213.0,18.1,5.2,192.7,194.0,12.1,3.5,200.2,196.0,16.9,3.5,210.0,194.0,,/Users/guillaume/Code/japanese_code/out/BACC_image_pairs_triangulation - 0901/RGBproduct
32,greyscale,BACC_LYR_20200103_090033.png,BACC_NYA_20200103_090033.png,2020-01-03 09:00:33,76.6,78.6,8.0,18.0,20,204.4,203.0,31.5,7.0,195.9,193.0,22.9,5.1,200.2,200.0,27.5,4.4,210.0,192.0,,/Users/guillaume/Code/japanese_code/out/BACC_image_pairs_triangulation - 0901/greyscale
32,RGBproduct,BACC_LYR_20200103_090033.png,BACC_NYA_20200103_090033.png,2020-01-03 09:00:33,76.6,78.6,8.0,18.0,5,195.2,192.0,31.2,14.0,202.8,208.0,9.1,4.1,199.0,201.0,22.0,7.0,204.0,206.0,,/Users/guillaume/Code/japanese_code/out/BACC_image_pairs_triangulation - 0901/RGBproduct
33,greyscale,BACC_LYR_20200103_090034.png,BACC_NYA_20200103_090034.png,2020-01-03 09:00:34,76.6,78.6,8.0,18.0,14,200.7,203.0,24.6,6.6,190.1,179.0,18.9,5.0,195.4,197.0,22.2,4.2,204.0,192.0,,/Users/guillaume/Code/japanese_code/out/BACC_image_pairs_triangulation - 0901/greyscale
33,RGBproduct,BACC_LYR_20200103_090034.png,BACC_NYA_20200103_090034.png,2020-01-03 09:00:34,76.6,78.6,8.0,18.0,5,205.6,204.0,9.0,4.0,196.4,208.0,17.7,7.9,201.0,206.0,14.1,4.5,204.0,192.0,,/Users/guillaume/Code/japanese_code/out/BACC_image_pairs_triangulation - 0901/RGBproduct
34,greyscale,BACC_LYR_20200103_090035.png,BACC_NYA_20200103_090035.png,2020-01-03 09:00:35,76.6,78.6,8.0,18.0,15,201.5,202.0,25.7,6.6,191.3,184.0,20.8,5.4,196.4,197.0,23.6,4.3,194.0,188.0,,/Users/guillaume/Code/japanese_code/out/BACC_image_pairs_triangulation - 0901/greyscale
34,RGBproduct,BACC_LYR_20200103_090035.png,BACC_NYA_20200103_090035.png,2020-01-03 09:00:35,76.6,78.6,8.0,18.0,4,182.5,191.0,19.2,9.6,193.5,196.0,15.0,7.5,188.0,192.0,17.0,6.0,194.0,190.0,,/Users/guillaume/Code/japanese_code/out/BACC_image_pairs_triangulation - 0901/RGBproduct
35,greyscale,BACC_LYR_20200103_090036.png,BACC_NYA_20200103_090036.png,2020-01-03 09:00:36,76.6,78.6,8.0,18.0,23,195.3,202.0,32.1,6.7,194.8,198.0,15.1,3.2,195.0,198.0,24.8,3.7,204.0,196.0,,/Users/guillaume/Code/japanese_code/out/BACC_image_pairs_triangulation - 0901/greyscale
35,RGBproduct,BACC_LYR_20200103_090036.png,BACC_NYA_20200103_090036.png,2020-01-03 09:00:36,76.6,78.6,8.0,18.0,10,201.2,206.0,27.7,8.8,199.8,200.0,11.0,3.5,200.5,202.0,20.5,4.6,202.0,196.0,,/Users/guillaume/Code/japanese_code/out/BACC_image_pairs_triangulation - 0901/RGBproduct
36,greyscale,BACC_LYR_20200103_090037.png,BACC_NYA_20200103_090037.png,2020-01-03 09:00:37,76.6,78.6,8.0,18.0,35,200.6,210.0,27.5,4.7,195.7,198.0,15.1,2.5,198.2,200.0,22.2,2.6,214.0,196.0,,/Users/guillaume/Code/japanese_code/out/BACC_image_pairs_triangulation - 0901/greyscale
36,RGBproduct,BACC_LYR_20200103_090037.png,BACC_NYA_20200103_090037.png,2020-01-03 09:00:37,76.6,78.6,8.0,18.0,18,198.0,205.0,20.5,4.8,200.8,202.0,11.3,2.7,199.4,203.0,16.4,2.7,192.0,198.0,,/Users/guillaume/Code/japanese_code/out/BACC_image_pairs_triangulation - 0901/RGBproduct
37,greyscale,BACC_LYR_20200103_090038.png,BACC_NYA_20200103_090038.png,2020-01-03 09:00:38,76.6,78.6,8.0,18.0,32,195.9,203.0,25.7,4.5,194.4,199.0,13.4,2.4,195.1,201.0,20.3,2.5,194.0,192.0,,/Users/guillaume/Code/japanese_code/out/BACC_image_pairs_triangulation - 0901/greyscale
37,RGBproduct,BACC_LYR_20200103_090038.png,BACC_NYA_20200103_090038.png,2020-01-03 09:00:38,76.6,78.6,8.0,18.0,27,197.5,204.0,22.0,4.2,197.3,200.0,12.0,2.3,197.4,202.0,17.5,2.4,192.0,194.0,,/Users/guillaume/Code/japanese_code/out/BACC_image_pairs_triangulation - 0901/RGBproduct
38,greyscale,BACC_LYR_20200103_090039.png,BACC_NYA_20200103_090039.png,2020-01-03 09:00:39,76.6,78.6,8.0,18.0,23,192.9,192.0,27.4,5.7,191.0,186.0,15.2,3.2,191.9,188.0,21.9,3.2,194.0,190.0,,/Users/guillaume/Code/japanese_code/out/BACC_image_pairs_triangulation - 0901/greyscale
38,RGBproduct,BACC_LYR_20200103_090039.png,BACC_NYA_20200103_090039.png,2020-01-03 09:00:39,76.6,78.6,8.0,18.0,27,191.0,192.0,18.8,3.6,194.0,194.0,11.2,2.2,192.5,194.0,15.4,2.1,196.0,194.0,,/Users/guillaume/Code/japanese_code/out/BACC_image_pairs_triangulation - 0901/RGBproduct
39,greyscale,BACC_LYR_20200103_090040.png,BACC_NYA_20200103_090040.png,2020-01-03 09:00:40,76.6,78.6,8.0,18.0,18,183.2,178.0,26.4,6.2,188.6,183.0,15.9,3.7,185.9,183.0,21.6,3.6,188.0,184.0,,/Users/guillaume/Code/japanese_code/out/BACC_image_pairs_triangulation - 0901/greyscale
39,RGBproduct,BACC_LYR_20200103_090040.png,BACC_NYA_20200103_090040.png,2020-01-03 09:00:40,76.6,78.6,8.0,18.0,17,179.1,184.0,19.5,4.7,192.4,190.0,10.9,2.6,185.7,184.0,16.9,2.9,192.0,184.0,,/Users/guillaume/Code/japanese_code/out/BACC_image_pairs_triangulation - 0901/RGBproduct
40,greyscale,BACC_LYR_20200103_090041.png,BACC_NYA_20200103_090041.png,2020-01-03 09:00:41,76.6,78.6,8.0,18.0,16,184.2,180.0,25.0,6.2,186.8,179.0,15.0,3.8,185.5,179.0,20.3,3.6,162.0,184.0,,/Users/guillaume/Code/japanese_code/out/BACC_image_pairs_triangulation - 0901/greyscale
40,RGBproduct,BACC_LYR_20200103_090041.png,BACC_NYA_20200103_090041.png,2020-01-03 09:00:41,76.6,78.6,8.0,18.0,14,180.1,167.0,22.3,6.0,190.4,185.0,15.7,4.2,185.3,179.0,19.6,3.7,162.0,192.0,,/Users/guillaume/Code/japanese_code/out/BACC_image_pairs_triangulation - 0901/RGBproduct
41,greyscale,BACC_LYR_20200103_090042.png,BACC_NYA_20200103_090042.png,2020-01-03 09:00:42,76.6,78.6,8.0,18.0,21,199.7,206.0,28.8,6.3,194.4,192.0,15.8,3.4,197.0,196.0,23.1,3.6,208.0,196.0,,/Users/guillaume/Code/japanese_code/out/BACC_image_pairs_triangulation - 0901/greyscale
41,RGBproduct,BACC_LYR_20200103_090042.png,BACC_NYA_20200103_090042.png,2020-01-03 09:00:42,76.6,78.6,8.0,18.0,13,180.6,176.0,22.3,6.2,190.9,184.0,15.5,4.3,185.8,184.0,19.5,3.8,164.0,192.0,,/Users/guillaume/Code/japanese_code/out/BACC_image_pairs_triangulation - 0901/RGBproduct
42,greyscale,BACC_LYR_20200103_090043.png,BACC_NYA_20200103_090043.png,2020-01-03 09:00:43,76.6,78.6,8.0,18.0,28,196.7,193.0,25.2,4.8,196.3,194.0,16.6,3.1,196.5,194.0,21.2,2.8,188.0,194.0,,/Users/guillaume/Code/japanese_code/out/BACC_image_pairs_triangulation - 0901/greyscale
42,RGBproduct,BACC_LYR_20200103_090043.png,BACC_NYA_20200103_090043.png,2020-01-03 09:00:43,76.6,78.6,8.0,18.0,25,189.5,184.0,25.9,5.2,193.6,190.0,18.1,3.6,191.6,188.0,22.2,3.1,170.0,190.0,,/Users/guillaume/Code/japanese_code/out/BACC_image_pairs_triangulation - 0901/RGBproduct
43,greyscale,BACC_LYR_20200103_090044.png,BACC_NYA_20200103_090044.png,2020-01-03 09:00:44,76.6,78.6,8.0,18.0,30,195.6,204.0,26.1,4.8,193.1,189.0,15.4,2.8,194.4,195.0,21.3,2.8,188.0,192.0,,/Users/guillaume/Code/japanese_code/out/BACC_image_pairs_triangulation - 0901/greyscale
43,RGBproduct,BACC_LYR_20200103_090044.png,BACC_NYA_20200103_090044.png,2020-01-03 09:00:44,76.6,78.6,8.0,18.0,27,194.8,204.0,26.3,5.1,194.9,190.0,15.1,2.9,194.9,195.0,21.2,2.9,170.0,192.0,,/Users/guillaume/Code/japanese_code/out/BACC_image_pairs_triangulation - 0901/RGBproduct
44,greyscale,BACC_LYR_20200103_090045.png,BACC_NYA_20200103_090045.png,2020-01-03 09:00:45,76.6,78.6,8.0,18.0,35,191.4,196.0,22.6,3.8,189.9,190.0,15.1,2.6,190.7,192.0,19.1,2.3,172.0,190.0,,/Users/guillaume/Code/japanese_code/out/BACC_image_pairs_triangulation - 0901/greyscale
44,RGBproduct,BACC_LYR_20200103_090045.png,BACC_NYA_20200103_090045.png,2020-01-03 09:00:45,76.6,78.6,8.0,18.0,25,193.2,196.0,21.4,4.3,192.7,192.0,14.0,2.8,193.0,194.0,17.9,2.5,176.0,192.0,,/Users/guillaume/Code/japanese_code/out/BACC_image_pairs_triangulation - 0901/RGBproduct
45,greyscale,BACC_LYR_20200103_090046.png,BACC_NYA_20200103_090046.png,2020-01-03 09:00:46,76.6,78.6,8.0,18.0,37,182.6,188.0,16.4,2.7,194.3,192.0,14.8,2.4,188.5,189.0,16.6,1.9,168.0,192.0,,/Users/guillaume/Code/japanese_code/out/BACC_image_pairs_triangulation - 0901/greyscale
45,RGBproduct,BACC_LYR_20200103_090046.png,BACC_NYA_20200103_090046.png,2020-01-03 09:00:46,76.6,78.6,8.0,18.0,33,183.5,182.0,15.0,2.6,192.8,190.0,15.8,2.8,188.2,188.0,16.0,2.0,172.0,190.0,,/Users/guillaume/Code/japanese_code/out/BACC_image_pairs_triangulation - 0901/RGBproduct
46,greyscale,BACC_LYR_20200103_090047.png,BACC_NYA_20200103_090047.png,2020-01-03 09:00:47,76.6,78.6,8.0,18.0,25,179.8,176.0,20.0,4.0,192.6,192.0,13.5,2.7,186.2,187.0,18.1,2.6,166.0,192.0,,/Users/guillaume/Code/japanese_code/out/BACC_image_pairs_triangulation - 0901/greyscale
46,RGBproduct,BACC_LYR_20200103_090047.png,BACC_NYA_20200103_090047.png,2020-01-03 09:00:47,76.6,78.6,8.0,18.0,24,177.8,177.0,12.3,2.5,192.3,189.0,14.9,3.0,185.0,184.0,15.4,2.2,168.0,192.0,,/Users/guillaume/Code/japanese_code/out/BACC_image_pairs_triangulation - 0901/RGBproduct
47,greyscale,BACC_LYR_20200103_090048.png,BACC_NYA_20200103_090048.png,2020-01-03 09:00:48,76.6,78.6,8.0,18.0,26,184.3,186.0,28.0,5.5,189.7,190.0,25.6,5.0,187.0,188.0,26.7,3.7,192.0,190.0,,/Users/guillaume/Code/japanese_code/out/BACC_image_pairs_triangulation - 0901/greyscale
47,RGBproduct,BACC_LYR_20200103_090048.png,BACC_NYA_20200103_090048.png,2020-01-03 09:00:48,76.6,78.6,8.0,18.0,27,185.9,184.0,20.7,4.0,195.7,192.0,17.4,3.3,190.8,188.0,19.6,2.7,172.0,184.0,,/Users/guillaume/Code/japanese_code/out/BACC_image_pairs_triangulation - 0901/RGBproduct
48,greyscale,BACC_LYR_20200103_090049.png,BACC_NYA_20200103_090049.png,2020-01-03 09:00:49,76.6,78.6,8.0,18.0,29,185.9,180.0,26.9,5.0,194.3,190.0,21.2,3.9,190.1,188.0,24.4,3.2,178.0,190.0,,/Users/guillaume/Code/japanese_code/out/BACC_image_pairs_triangulation - 0901/greyscale
48,RGBproduct,BACC_LYR_20200103_090049.png,BACC_NYA_20200103_090049.png,2020-01-03 09:00:49,76.6,78.6,8.0,18.0,30,183.7,178.0,24.4,4.4,191.8,189.0,20.8,3.8,187.7,186.0,22.8,2.9,180.0,184.0,,/Users/guillaume/Code/japanese_code/out/BACC_image_pairs_triangulation - 0901/RGBproduct
49,greyscale,BACC_LYR_20200103_090050.png,BACC_NYA_20200103_090050.png,2020-01-03 09:00:50,76.6,78.6,8.0,18.0,25,183.8,178.0,28.9,5.8,193.5,194.0,21.2,4.2,188.6,189.0,25.6,3.6,178.0,192.0,,/Users/guillaume/Code/japanese_code/out/BACC_image_pairs_triangulation - 0901/greyscale
49,RGBproduct,BACC_LYR_20200103_090050.png,BACC_NYA_20200103_090050.png,2020-01-03 09:00:50,76.6,78.6,8.0,18.0,27,178.7,176.0,22.6,4.3,191.9,190.0,21.3,4.1,185.3,184.0,22.8,3.1,178.0,190.0,,/Users/guillaume/Code/japanese_code/out/BACC_image_pairs_triangulation - 0901/RGBproduct
50,greyscale,BACC_LYR_20200103_090051.png,BACC_NYA_20200103_090051.png,2020-01-03 09:00:51,76.6,78.6,8.0,18.0,19,183.9,184.0,32.2,7.4,190.0,190.0,22.1,5.1,186.9,188.0,27.4,4.4,184.0,204.0,,/Users/guillaume/Code/japanese_code/out/BACC_image_pairs_triangulation - 0901/greyscale
50,RGBproduct,BACC_LYR_20200103_090051.png,BACC_NYA_20200103_090051.png,2020-01-03 09:00:51,76.6,78.6,8.0,18.0,19,182.4,184.0,33.0,7.6,191.1,188.0,22.0,5.0,186.7,188.0,28.0,4.5,184.0,190.0,,/Users/guillaume/Code/japanese_code/out/BACC_image_pairs_triangulation - 0901/RGBproduct
51,greyscale,BACC_LYR_20200103_090052.png,BACC_NYA_20200103_090052.png,2020-01-03 09:00:52,76.6,78.6,8.0,18.0,28,196.5,195.0,23.3,4.4,189.8,188.0,16.8,3.2,193.1,193.0,20.4,2.7,202.0,190.0,,/Users/guillaume/Code/japanese_code/out/BACC_image_pairs_triangulation - 0901/greyscale
51,RGBproduct,BACC_LYR_20200103_090052.png,BACC_NYA_20200103_090052.png,2020-01-03 09:00:52,76.6,78.6,8.0,18.0,20,197.9,193.0,25.6,5.7,194.9,194.0,18.9,4.2,196.4,194.0,22.3,3.5,190.0,190.0,,/Users/guillaume/Code/japanese_code/out/BACC_image_pairs_triangulation - 0901/RGBproduct
52,greyscale,BACC_LYR_20200103_090053.png,BACC_NYA_20200103_090053.png,2020-01-03 09:00:53,76.6,78.6,8.0,18.0,35,185.5,186.0,30.4,5.1,183.5,188.0,33.0,5.6,184.5,188.0,31.5,3.8,196.0,192.0,,/Users/guillaume/Code/japanese_code/out/BACC_image_pairs_triangulation - 0901/greyscale
52,RGBproduct,BACC_LYR_20200103_090053.png,BACC_NYA_20200103_090053.png,2020-01-03 09:00:53,76.6,78.6,8.0,18.0,34,185.1,184.0,29.7,5.1,185.1,188.0,26.6,4.6,185.1,187.0,28.0,3.4,186.0,186.0,,/Users/guillaume/Code/japanese_code/out/BACC_image_pairs_triangulation - 0901/RGBproduct
53,greyscale,BACC_LYR_20200103_090054.png,BACC_NYA_20200103_090054.png,2020-01-03 09:00:54,76.6,78.6,8.0,18.0,32,181.1,193.0,35.1,6.2,177.2,188.0,37.2,6.6,179.2,189.0,35.9,4.5,202.0,186.0,,/Users/guillaume/Code/japanese_code/out/BACC_image_pairs_triangulation - 0901/greyscale
53,RGBproduct,BACC_LYR_20200103_090054.png,BACC_NYA_20200103_090054.png,2020-01-03 09:00:54,76.6,78.6,8.0,18.0,30,188.5,196.0,29.0,5.3,184.1,189.0,30.9,5.6,186.3,193.0,29.8,3.8,202.0,186.0,,/Users/guillaume/Code/japanese_code/out/BACC_image_pairs_triangulation - 0901/RGBproduct
54,greyscale,BACC_LYR_20200103_090055.png,BACC_NYA_20200103_090055.png,2020-01-03 09:00:55,76.6,78.6,8.0,18.0,23,188.5,198.0,37.1,7.7,185.8,202.0,36.3,7.6,187.2,201.0,36.3,5.4,198.0,204.0,,/Users/guillaume/Code/japanese_code/out/BACC_image_pairs_triangulation - 0901/greyscale
54,RGBproduct,BACC_LYR_20200103_090055.png,BACC_NYA_20200103_090055.png,2020-01-03 09:00:55,76.6,78.6,8.0,18.0,22,189.5,199.0,34.1,7.3,189.2,202.0,34.3,7.3,189.4,202.0,33.8,5.1,198.0,202.0,,/Users/guillaume/Code/japanese_code/out/BACC_image_pairs_triangulation - 0901/RGBproduct
55,greyscale,BACC_LYR_20200103_090056.png,BACC_NYA_20200103_090056.png,2020-01-03 09:00:56,76.6,78.6,8.0,18.0,28,181.2,196.0,38.5,7.3,179.2,191.0,41.3,7.8,180.2,195.0,39.6,5.3,196.0,202.0,,/Users/guillaume/Code/japanese_code/out/BACC_image_pairs_triangulation - 0901/greyscale
55,RGBproduct,BACC_LYR_20200103_090056.png,BACC_NYA_20200103_090056.png,2020-01-03 09:00:56,76.6,78.6,8.0,18.0,28,181.0,196.0,38.8,7.3,179.0,195.0,43.0,8.1,180.0,196.0,40.6,5.4,196.0,202.0,,/Users/guillaume/Code/japanese_code/out/BACC_image_pairs_triangulation - 0901/RGBproduct
56,greyscale,BACC_LYR_20200103_090057.png,BACC_NYA_20200103_090057.png,2020-01-03 09:00:57,76.6,78.6,8.0,18.0,25,179.7,192.0,39.1,7.8,177.9,190.0,46.0,9.2,178.8,191.0,42.3,6.0,196.0,196.0,,/Users/guillaume/Code/japanese_code/out/BACC_image_pairs_triangulation - 0901/greyscale
56,RGBproduct,BACC_LYR_20200103_090057.png,BACC_NYA_20200103_090057.png,2020-01-03 09:00:57,76.6,78.6,8.0,18.0,27,179.1,186.0,36.2,7.0,175.3,188.0,44.7,8.6,177.2,187.0,40.4,5.5,192.0,194.0,,/Users/guillaume/Code/japanese_code/out/BACC_image_pairs_triangulation - 0901/RGBproduct
57,greyscale,BACC_LYR_20200103_090058.png,BACC_NYA_20200103_090058.png,2020-01-03 09:00:58,76.6,78.6,8.0,18.0,24,176.7,180.0,36.5,7.4,169.5,185.0,39.8,8.1,173.1,183.0,37.9,5.5,192.0,196.0,,/Users/guillaume/Code/japanese_code/out/BACC_image_pairs_triangulation - 0901/greyscale
57,RGBproduct,BACC_LYR_20200103_090058.png,BACC_NYA_20200103_090058.png,2020-01-03 09:00:58,76.6,78.6,8.0,18.0,28,177.5,180.0,35.2,6.6,174.4,190.0,37.3,7.1,176.0,188.0,36.0,4.8,166.0,196.0,,/Users/guillaume/Code/japanese_code/out/BACC_image_pairs_triangulation - 0901/RGBproduct
58,greyscale,BACC_LYR_20200103_090059.png,BACC_NYA_20200103_090059.png,2020-01-03 09:00:59,76.6,78.6,8.0,18.0,28,179.7,180.0,40.0,7.6,184.0,197.0,40.7,7.7,181.9,189.0,40.0,5.4,192.0,200.0,,/Users/guillaume/Code/japanese_code/out/BACC_image_pairs_triangulation - 0901/greyscale
58,RGBproduct,BACC_LYR_20200103_090059.png,BACC_NYA_20200103_090059.png,2020-01-03 09:00:59,76.6,78.6,8.0,18.0,25,178.0,172.0,35.6,7.1,185.6,196.0,38.1,7.6,181.8,189.0,36.7,5.2,188.0,198.0,,/Users/guillaume/Code/japanese_code/out/BACC_image_pairs_triangulation - 0901/RGBproduct
59,greyscale,BACC_LYR_20200103_090100.png,BACC_NYA_20200103_090100.png,2020-01-03 09:01:00,76.6,78.6,8.0,18.0,28,180.6,197.0,43.7,8.3,181.6,192.0,38.3,7.2,181.1,196.0,40.7,5.4,198.0,210.0,,/Users/guillaume/Code/japanese_code/out/BACC_image_pairs_triangulation - 0901/greyscale
59,RGBproduct,BACC_LYR_20200103_090100.png,BACC_NYA_20200103_090100.png,2020-01-03 09:01:00,76.6,78.6,8.0,18.0,25,175.0,178.0,36.6,7.3,180.2,188.0,36.8,7.4,177.6,187.0,36.4,5.1,172.0,198.0,,/Users/guillaume/Code/japanese_code/out/BACC_image_pairs_triangulation - 0901/RGBproduct
60,greyscale,BACC_LYR_20200103_090101.png,BACC_NYA_20200103_090101.png,2020-01-03 09:01:01,76.6,78.6,8.0,18.0,17,183.6,178.0,34.0,8.3,185.8,184.0,30.4,7.4,184.7,183.0,31.8,5.5,176.0,194.0,,/Users/guillaume/Code/japanese_code/out/BACC_image_pairs_triangulation - 0901/greyscale
60,RGBproduct,BACC_LYR_20200103_090101.png,BACC_NYA_20200103_090101.png,2020-01-03 09:01:01,76.6,78.6,8.0,18.0,16,180.0,176.0,28.8,7.2,182.6,181.0,25.8,6.5,181.3,177.0,26.9,4.8,172.0,196.0,,/Users/guillaume/Code/japanese_code/out/BACC_image_pairs_triangulation - 0901/RGBproduct
61,greyscale,BACC_LYR_20200103_090102.png,BACC_NYA_20200103_090102.png,2020-01-03 09:01:02,76.6,78.6,8.0,18.0,22,178.5,172.0,37.1,7.9,183.2,185.0,37.1,7.9,180.8,180.0,36.7,5.5,174.0,178.0,,/Users/guillaume/Code/japanese_code/out/BACC_image_pairs_triangulation - 0901/greyscale
61,RGBproduct,BACC_LYR_20200103_090102.png,BACC_NYA_20200103_090102.png,2020-01-03 09:01:02,76.6,78.6,8.0,18.0,21,178.6,172.0,31.1,6.8,184.5,182.0,35.6,7.8,181.5,179.0,33.2,5.1,172.0,178.0,,/Users/guillaume/Code/japanese_code/out/BACC_image_pairs_triangulation - 0901/RGBproduct
62,greyscale,BACC_LYR_20200103_090103.png,BACC_NYA_20200103_090103.png,2020-01-03 09:01:03,76.6,78.6,8.0,18.0,18,176.4,174.0,28.1,6.6,181.3,180.0,33.6,7.9,178.9,177.0,30.7,5.1,170.0,178.0,,/Users/guillaume/Code/japanese_code/out/BACC_image_pairs_triangulation - 0901/greyscale
62,RGBproduct,BACC_LYR_20200103_090103.png,BACC_NYA_20200103_090103.png,2020-01-03 09:01:03,76.6,78.6,8.0,18.0,19,176.0,172.0,26.8,6.1,182.7,180.0,30.8,7.1,179.4,176.0,28.7,4.7,172.0,180.0,,/Users/guillaume/Code/japanese_code/out/BACC_image_pairs_triangulation - 0901/RGBproduct
63,greyscale,BACC_LYR_20200103_090104.png,BACC_NYA_20200103_090104.png,2020-01-03 09:01:04,76.6,78.6,8.0,18.0,21,167.8,172.0,37.4,8.2,172.6,186.0,46.7,10.2,170.2,176.0,41.8,6.5,192.0,176.0,,/Users/guillaume/Code/japanese_code/out/BACC_image_pairs_triangulation - 0901/greyscale
63,RGBproduct,BACC_LYR_20200103_090104.png,BACC_NYA_20200103_090104.png,2020-01-03 09:01:04,76.6,78.6,8.0,18.0,19,173.7,174.0,34.3,7.9,182.1,186.0,36.9,8.5,177.9,175.0,35.4,5.7,174.0,176.0,,/Users/guillaume/Code/japanese_code/out/BACC_image_pairs_triangulation - 0901/RGBproduct
64,greyscale,BACC_LYR_20200103_090105.png,BACC_NYA_20200103_090105.png,2020-01-03 09:01:05,76.6,78.6,8.0,18.0,20,179.1,178.0,36.3,8.1,168.9,173.0,47.3,10.6,174.0,175.0,41.9,6.6,176.0,174.0,,/Users/guillaume/Code/japanese_code/out/BACC_image_pairs_triangulation - 0901/greyscale
64,RGBproduct,BACC_LYR_20200103_090105.png,BACC_NYA_20200103_090105.png,2020-01-03 09:01:05,76.6,78.6,8.0,18.0,16,172.6,175.0,36.6,9.1,174.8,173.0,39.1,9.8,173.7,174.0,37.3,6.6,176.0,174.0,,/Users/guillaume/Code/japanese_code/out/BACC_image_pairs_triangulation - 0901/RGBproduct
65,greyscale,BACC_LYR_20200103_090106.png,BACC_NYA_20200103_090106.png,2020-01-03 09:01:06,76.6,78.6,8.0,18.0,18,177.3,182.0,30.2,7.1,159.9,172.0,49.2,11.6,168.6,176.0,41.2,6.9,188.0,170.0,,/Users/guillaume/Code/japanese_code/out/BACC_image_pairs_triangulation - 0901/greyscale
65,RGBproduct,BACC_LYR_20200103_090106.png,BACC_NYA_20200103_090106.png,2020-01-03 09:01:06,76.6,78.6,8.0,18.0,22,175.5,176.0,26.0,5.5,163.5,175.0,45.8,9.8,169.5,175.0,37.3,5.6,174.0,174.0,,/Users/guillaume/Code/japanese_code/out/BACC_image_pairs_triangulation - 0901/RGBproduct
66,greyscale,BACC_LYR_20200103_090107.png,BACC_NYA_20200103_090107.png,2020-01-03 09:01:07,76.6,78.6,8.0,18.0,23,183.7,188.0,27.0,5.6,171.8,172.0,49.0,10.2,177.8,186.0,39.6,5.8,196.0,192.0,,/Users/guillaume/Code/japanese_code/out/BACC_image_pairs_triangulation - 0901/greyscale
66,RGBproduct,BACC_LYR_20200103_090107.png,BACC_NYA_20200103_090107.png,2020-01-03 09:01:07,76.6,78.6,8.0,18.0,22,177.5,184.0,23.1,4.9,165.5,171.0,46.1,9.8,171.5,173.0,36.5,5.5,188.0,188.0,,/Users/guillaume/Code/japanese_code/out/BACC_image_pairs_triangulation - 0901/RGBproduct
67,greyscale,BACC_LYR_20200103_090108.png,BACC_NYA_20200103_090108.png,2020-01-03 09:01:08,76.6,78.6,8.0,18.0,21,191.4,196.0,26.2,5.7,186.6,190.0,33.8,7.4,189.0,193.0,30.0,4.6,196.0,202.0,,/Users/guillaume/Code/japanese_code/out/BACC_image_pairs_triangulation - 0901/greyscale
67,RGBproduct,BACC_LYR_20200103_090108.png,BACC_NYA_20200103_090108.png,2020-01-03 09:01:08,76.6,78.6,8.0,18.0,23,186.2,192.0,28.7,6.0,172.3,182.0,46.0,9.6,179.3,188.0,38.5,5.7,192.0,202.0,,/Users/guillaume/Code/japanese_code/out/BACC_image_pairs_triangulation - 0901/RGBproduct
68,greyscale,BACC_LYR_20200103_090109.png,BACC_NYA_20200103_090109.png,2020-01-03 09:01:09,76.6,78.6,8.0,18.0,18,189.1,197.0,35.4,8.3,174.9,189.0,44.5,10.5,182.0,196.0,40.3,6.7,192.0,212.0,,/Users/guillaume/Code/japanese_code/out/BACC_image_pairs_triangulation - 0901/greyscale
68,RGBproduct,BACC_LYR_20200103_090109.png,BACC_NYA_20200103_090109.png,2020-01-03 09:01:09,76.6,78.6,8.0,18.0,18,190.3,197.0,34.4,8.1,176.0,189.0,43.6,10.3,183.2,196.0,39.4,6.6,192.0,200.0,,/Users/guillaume/Code/japanese_code/out/BACC_image_pairs_triangulation - 0901/RGBproduct
69,greyscale,BACC_LYR_20200103_090110.png,BACC_NYA_20200103_090110.png,2020-01-03 09:01:10,76.6,78.6,8.0,18.0,15,182.3,194.0,46.0,11.9,165.6,180.0,49.4,12.8,173.9,186.0,47.7,8.7,192.0,212.0,,/Users/guillaume/Code/japanese_code/out/BACC_image_pairs_triangulation - 0901/greyscale
69,RGBproduct,BACC_LYR_20200103_090110.png,BACC_NYA_20200103_090110.png,2020-01-03 09:01:10,76.6,78.6,8.0,18.0,14,181.9,196.0,47.4,12.7,161.4,161.0,46.8,12.5,171.6,185.0,47.4,8.9,192.0,212.0,,/Users/guillaume/Code/japanese_code/out/BACC_image_pairs_triangulation - 0901/RGBproduct
70,greyscale,BACC_LYR_20200103_090111.png,BACC_NYA_20200103_090111.png,2020-01-03 09:01:11,76.6,78.6,8.0,18.0,12,178.0,193.0,40.1,11.6,171.5,182.0,50.0,14.4,174.8,189.0,44.5,9.1,198.0,188.0,,/Users/guillaume/Code/japanese_code/out/BACC_image_pairs_triangulation - 0901/greyscale
70,RGBproduct,BACC_LYR_20200103_090111.png,BACC_NYA_20200103_090111.png,2020-01-03 09:01:11,76.6,78.6,8.0,18.0,11,171.3,190.0,41.6,12.6,165.5,176.0,50.8,15.3,168.4,183.0,45.4,9.7,198.0,190.0,,/Users/guillaume/Code/japanese_code/out/BACC_image_pairs_triangulation - 0901/RGBproduct
71,greyscale,BACC_LYR_20200103_090112.png,BACC_NYA_20200103_090112.png,2020-01-03 09:01:12,76.6,78.6,8.0,18.0,14,171.1,184.0,43.7,11.7,168.6,186.0,47.9,12.8,169.9,186.0,45.0,8.5,192.0,194.0,,/Users/guillaume/Code/japanese_code/out/BACC_image_pairs_triangulation - 0901/greyscale
71,RGBproduct,BACC_LYR_20200103_090112.png,BACC_NYA_20200103_090112.png,2020-01-03 09:01:12,76.6,78.6,8.0,18.0,17,178.0,192.0,42.3,10.2,177.1,188.0,46.7,11.3,177.5,190.0,43.9,7.5,196.0,194.0,,/Users/guillaume/Code/japanese_code/out/BACC_image_pairs_triangulation - 0901/RGBproduct
72,greyscale,BACC_LYR_20200103_090113.png,BACC_NYA_20200103_090113.png,2020-01-03 09:01:13,76.6,78.6,8.0,18.0,9,164.2,188.0,53.4,17.8,162.2,180.0,56.8,18.9,163.2,184.0,53.5,12.6,192.0,190.0,,/Users/guillaume/Code/japanese_code/out/BACC_image_pairs_triangulation - 0901/greyscale
72,RGBproduct,BACC_LYR_20200103_090113.png,BACC_NYA_20200103_090113.png,2020-01-03 09:01:13,76.6,78.6,8.0,18.0,10,169.6,187.0,47.4,15.0,173.2,185.0,52.3,16.5,171.4,187.0,48.6,10.9,192.0,190.0,,/Users/guillaume/Code/japanese_code/out/BACC_image_pairs_triangulation - 0901/RGBproduct
74,greyscale,BACC_LYR_20200103_090115.png,BACC_NYA_20200103_090115.png,2020-01-03 09:01:15,76.6,78.6,8.0,18.0,16,172.1,173.0,41.1,10.3,184.6,191.0,38.7,9.7,178.4,185.0,39.8,7.0,194.0,196.0,,/Users/guillaume/Code/japanese_code/out/BACC_image_pairs_triangulation - 0901/greyscale
74,RGBproduct,BACC_LYR_20200103_090115.png,BACC_NYA_20200103_090115.png,2020-01-03 09:01:15,76.6,78.6,8.0,18.0,12,173.8,163.0,46.5,13.4,187.5,187.0,38.3,11.1,180.7,184.0,42.2,8.6,188.0,194.0,,/Users/guillaume/Code/japanese_code/out/BACC_image_pairs_triangulation - 0901/RGBproduct
